{"cameraMode":{"drawMode":0,"name":"Shaded","section":"Shading Mode"},"sceneLighting":true,"audioPlay":false,"sceneViewState":{"showFog":false,"showMaterialUpdate":false,"showSkybox":false,"showFlares":false,"showImageEffects":false,"showParticleSystems":false},"in2DMode":false,"pivot":{"x":0.010054904967546463,"y":1.7226420640945435,"z":-0.3424197733402252},"rotation":{"x":-0.3154577314853668,"y":0.1603740155696869,"z":-0.05418211221694946,"w":-0.933721661567688},"size":1.6851389408111573,"orthographic":false}