{"cameraMode":{"drawMode":0,"name":"Shaded","section":"Shading Mode"},"sceneLighting":true,"audioPlay":false,"sceneViewState":{"showFog":false,"showMaterialUpdate":false,"showSkybox":false,"showFlares":false,"showImageEffects":false,"showParticleSystems":false},"in2DMode":false,"pivot":{"x":-0.31207817792892458,"y":0.7148481607437134,"z":0.0001551695168018341},"rotation":{"x":-0.23603078722953797,"y":0.06467786431312561,"z":-0.015689628198742868,"w":-0.9694927930831909},"size":4.333689212799072,"orthographic":false}