{"cameraMode":{"drawMode":0,"name":"Shaded","section":"Shading Mode"},"sceneLighting":false,"audioPlay":false,"sceneViewState":{"showFog":false,"showMaterialUpdate":false,"showSkybox":false,"showFlares":false,"showImageEffects":false,"showParticleSystems":false},"in2DMode":false,"pivot":{"x":0.0,"y":0.8674712181091309,"z":0.0005769431591033936},"rotation":{"x":-0.16367244720458985,"y":-0.004420092329382896,"z":0.0008407244458794594,"w":-0.9865354895591736},"size":4.786689281463623,"orthographic":false}