{"cameraMode":{"drawMode":0,"name":"Shaded","section":"Shading Mode"},"sceneLighting":false,"audioPlay":false,"sceneViewState":{"showFog":false,"showMaterialUpdate":false,"showSkybox":false,"showFlares":false,"showImageEffects":false,"showParticleSystems":false},"in2DMode":false,"pivot":{"x":0.0000016689300537109376,"y":0.8259612321853638,"z":0.004347264766693115},"rotation":{"x":0.008688208647072316,"y":0.02309778332710266,"z":0.0002560708380769938,"w":-0.9997233748435974},"size":4.693371772766113,"orthographic":false}