{"cameraMode":{"drawMode":0,"name":"Shaded","section":"Shading Mode"},"sceneLighting":true,"audioPlay":false,"sceneViewState":{"showFog":false,"showMaterialUpdate":false,"showSkybox":false,"showFlares":false,"showImageEffects":false,"showParticleSystems":false},"in2DMode":false,"pivot":{"x":-0.5044699311256409,"y":0.6521481871604919,"z":0.09262461215257645},"rotation":{"x":-0.1783672422170639,"y":0.10223208367824555,"z":-0.018620049580931665,"w":-0.9784815311431885},"size":4.72619104385376,"orthographic":false}