{"cameraMode":{"drawMode":0,"name":"Shaded","section":"Shading Mode"},"sceneLighting":false,"audioPlay":false,"sceneViewState":{"showFog":false,"showMaterialUpdate":false,"showSkybox":false,"showFlares":false,"showImageEffects":false,"showParticleSystems":false},"in2DMode":false,"pivot":{"x":2.5607259273529054,"y":-0.5205837488174439,"z":-0.8260049223899841},"rotation":{"x":-0.06513535231351853,"y":0.6350651979446411,"z":-0.05383771285414696,"w":-0.7679451107978821},"size":6.0763840675354,"orthographic":true}