{"cameraMode":{"drawMode":0,"name":"Shaded","section":"Shading Mode"},"sceneLighting":true,"audioPlay":false,"sceneViewState":{"showFog":false,"showMaterialUpdate":false,"showSkybox":false,"showFlares":false,"showImageEffects":false,"showParticleSystems":false},"in2DMode":false,"pivot":{"x":0.22065936028957368,"y":0.555647611618042,"z":-0.05530746281147003},"rotation":{"x":0.008688208647072316,"y":0.02309778332710266,"z":0.0002560708380769938,"w":-0.9997233748435974},"size":2.746673822402954,"orthographic":false}