{"cameraMode":{"drawMode":0,"name":"Shaded","section":"Shading Mode"},"sceneLighting":true,"audioPlay":false,"sceneViewState":{"showFog":false,"showMaterialUpdate":false,"showSkybox":false,"showFlares":false,"showImageEffects":false,"showParticleSystems":false},"in2DMode":false,"pivot":{"x":-0.41024452447891238,"y":1.6789867877960206,"z":1.472040057182312},"rotation":{"x":0.24817098677158357,"y":0.015401658602058888,"z":-0.0036900897976011039,"w":0.9686741232872009},"size":6.559018135070801,"orthographic":true}