{"cameraMode":{"drawMode":0,"name":"Shaded","section":"Shading Mode"},"sceneLighting":true,"audioPlay":false,"sceneViewState":{"showFog":false,"showMaterialUpdate":false,"showSkybox":false,"showFlares":false,"showImageEffects":false,"showParticleSystems":false},"in2DMode":false,"pivot":{"x":-13.578975677490235,"y":19.388607025146486,"z":8.53212833404541},"rotation":{"x":0.00025332646328024566,"y":-0.9023417830467224,"z":0.43121421337127688,"w":0.0011336586903780699},"size":32.41703414916992,"orthographic":true}