{"cameraMode":{"drawMode":0,"name":"Shaded","section":"Shading Mode"},"sceneLighting":true,"audioPlay":false,"sceneViewState":{"showFog":false,"showMaterialUpdate":false,"showSkybox":false,"showFlares":false,"showImageEffects":false,"showParticleSystems":false},"in2DMode":false,"pivot":{"x":2.155792236328125,"y":1.1337882280349732,"z":-0.1811484396457672},"rotation":{"x":0.5058528184890747,"y":0.06880070269107819,"z":-0.04072410240769386,"w":0.8590507507324219},"size":3.395718812942505,"orthographic":true}