{"cameraMode":{"drawMode":0,"name":"Shaded","section":"Shading Mode"},"sceneLighting":true,"audioPlay":false,"sceneViewState":{"showFog":false,"showMaterialUpdate":false,"showSkybox":false,"showFlares":false,"showImageEffects":false,"showParticleSystems":false},"in2DMode":false,"pivot":{"x":-0.14593999087810517,"y":0.8780871629714966,"z":-0.10967115312814713},"rotation":{"x":-0.36790308356285097,"y":0.19507649540901185,"z":-0.07914713770151138,"w":-0.9057528972625732},"size":3.220367193222046,"orthographic":false}