{"cameraMode":{"drawMode":0,"name":"Shaded","section":"Shading Mode"},"sceneLighting":true,"audioPlay":false,"sceneViewState":{"showFog":false,"showMaterialUpdate":false,"showSkybox":false,"showFlares":false,"showImageEffects":false,"showParticleSystems":false},"in2DMode":false,"pivot":{"x":-0.7837973833084106,"y":3.063770294189453,"z":-8.755428314208985},"rotation":{"x":-0.16717712581157685,"y":0.08511300384998322,"z":-0.014634975232183934,"w":-0.9822362661361694},"size":3.7052876949310304,"orthographic":true}