{"cameraMode":{"drawMode":0,"name":"Shaded","section":"Shading Mode"},"sceneLighting":false,"audioPlay":false,"sceneViewState":{"showFog":false,"showMaterialUpdate":false,"showSkybox":false,"showFlares":false,"showImageEffects":false,"showParticleSystems":false},"in2DMode":false,"pivot":{"x":0.3081277906894684,"y":-0.2204466611146927,"z":-0.37278246879577639},"rotation":{"x":-0.030386362224817277,"y":0.11764978617429733,"z":-0.0035765087231993677,"w":-0.9926788210868836},"size":5.808150291442871,"orthographic":true}