{"cameraMode":{"drawMode":0,"name":"Shaded","section":"Shading Mode"},"sceneLighting":false,"audioPlay":false,"sceneViewState":{"showFog":false,"showMaterialUpdate":false,"showSkybox":false,"showFlares":false,"showImageEffects":false,"showParticleSystems":false},"in2DMode":false,"pivot":{"x":-2.5,"y":0.34909558296203616,"z":2.499999523162842},"rotation":{"x":0.22332920134067536,"y":-0.5909714102745056,"z":0.17459724843502046,"w":0.7552893757820129},"size":11.885274887084961,"orthographic":false}