{"cameraMode":{"drawMode":0,"name":"Shaded","section":"Shading Mode"},"sceneLighting":false,"audioPlay":false,"sceneViewState":{"showFog":false,"showMaterialUpdate":false,"showSkybox":false,"showFlares":false,"showImageEffects":false,"showParticleSystems":false},"in2DMode":false,"pivot":{"x":-0.10217197984457016,"y":-0.014307141304016114,"z":0.0464329719543457},"rotation":{"x":-0.044991347938776019,"y":-0.8250473737716675,"z":0.06654247641563416,"w":-0.5593798160552979},"size":2.670898914337158,"orthographic":false}