{"cameraMode":{"drawMode":0,"name":"Shaded","section":"Shading Mode"},"sceneLighting":false,"audioPlay":false,"sceneViewState":{"showFog":false,"showMaterialUpdate":false,"showSkybox":false,"showFlares":false,"showImageEffects":false,"showParticleSystems":false},"in2DMode":false,"pivot":{"x":-0.010434985160827637,"y":0.007359564304351807,"z":0.08060002326965332},"rotation":{"x":-0.07230238616466522,"y":-0.92716383934021,"z":0.2441009134054184,"w":-0.2749820053577423},"size":3.211214780807495,"orthographic":false}